method,n,success_rate,route_length_mean,traveled_length_mean,travel_time_mean,shortest_deviation_mean,refill_count_mean,min_battery_pct_mean,battery_stress_index_mean,low_battery_step_ratio_mean,critical_battery_step_ratio_mean,loop_count_mean,computation_time_mean,successful_n,battery_stress_index_success_mean,min_battery_pct_success_mean,shortest_deviation_success_mean,route_length_success_mean,traveled_length_success_mean,loop_count_success_mean
Energy-aware Charging Detour,480,0.9625,9.537356322077386,9.259384969195748,12.76213694340727,1.0348853222026186,1.2666666666666666,22.248079713472315,0.01504617920549071,0.05113862556470371,0.0091523017675394,0.43333333333333335,5.905727492769559,462,0.015629632296332345,21.11616655185089,1.0348853222026186,9.537356322077386,9.537356322077386,0.4155844155844156
Node-aware Q-learning,480,0.8395833333333333,10.04504485662909,9.87437006077791,13.945156191467163,1.1260351245719673,1.0625,19.31555822047651,0.034032884711302516,0.07609660204939435,0.0316369039328773,11.247916666666667,7.948142639299234,403,0.004535994651685372,22.96482864088082,1.1260351245719673,10.04504485662909,10.04504485662909,2.032258064516129
Greedy Charging Detour,480,0.74375,9.105780811498846,7.927026895248862,12.196519489826834,1.09182348763283,1.34375,25.3593345220583,0.01578228152239507,0.044856853556084327,0.011822804771007342,2.7645833333333334,14.55468488484621,357,0.020531276896974485,20.887796692413662,1.09182348763283,9.105780811498846,9.105780811498846,1.3165266106442577
Node-aware HRL-Q,480,0.71875,10.89477189655854,11.735981698211514,15.33701061373359,1.3034293728645978,1.4854166666666666,20.814334520040248,0.03052494066265297,0.06273371154348427,0.029483371125805444,37.53333333333333,13.525380184749762,345,0.0029366623855633994,25.333449756310685,1.3034293728645978,10.89477189655854,10.89477189655854,5.272463768115942
Shortest Path + Passive Charging,480,0.4625,8.204839981578596,7.283424391361426,11.7457121857548,1.0,0.3375,8.781513617882046,0.09388348009818137,0.18252253396516535,0.09089953149866466,0.0,0.022919731835524242,222,0.026208266007730442,18.987056471096317,1.0,8.204839981578596,8.204839981578594,0.0
Shortest Path,480,0.23125,6.824688274468317,6.3228853741481705,9.347773251273187,1.0,0.0,3.9976495479064424,0.140544991684709,0.2665855678875865,0.13829779465691766,0.0,0.02316413422425588,111,0.047667508018203644,17.287133180135967,1.0,6.824688274468317,6.824688274468317,0.0
